Source:,C:\Users\ahuang2\OneDrive - Olin College of Engineering\Documents\KiCad\Project Mumei\Eclectronics-MP1\Eclectronics-MP1.kicad_sch,,,,,,,,,
Date:,2026/02/09 9:42,,,,,,,,,
Tool:,Eeschema (7.0.0),,,,,,,,,
Generator:,C:\Program Files\KiCad\7.0\bin\scripting\plugins/bom_csv_grouped_by_value.py,,,,,,,,,
Component Count:,15,,,,,,,,,
,,,,,,,,,,
Collated Components:,,,,,,,,,,
,,,,,,,,,,
Item,Qty,Reference(s),Value,LibPart,Footprint,Datasheet,DNP,MANUFACTURER_PART_NUMBER,MFR_NAME,
1,3,"C1, C2, C4",1uF,Device:C,Capacitor_SMD:C_0603_1608Metric,~,,,,
2,1,C3,0.1uF,Device:C,Capacitor_SMD:C_0603_1608Metric,~,,,,
3,1,C5,4.7uF,Device:C,Capacitor_SMD:C_0603_1608Metric,~,,,,
4,1,D1,LED,Device:LED,Diode_SMD:D_0805_2012Metric,~,,,,
5,1,J1,USB-Molex-Connector,480370001:USB-Molex-Connector,Eclectronics - Olin Semester 8:USB_CONN_480370001_MOL,,,,480370001,Molex Connector Corporation
6,5,"R1, R2, R3, R4, R5",100K,Device:R,Resistor_SMD:R_0603_1608Metric,~,,,,
7,1,R6,150,Device:R,Resistor_SMD:R_0603_1608Metric,~,,,,
8,1,U1,MCP1702T-3302E,Regulator_Linear:MCP1700x-330xxTT,Package_TO_SOT_SMD:SOT-23,http://ww1.microchip.com/downloads/en/DeviceDoc/20001826D.pdf,,,,
9,1,U2,MCP6022,Amplifier_Operational:MCP6022,Eclectronics - Olin Semester 8:TSSOP8_MC_MCH,http://ww1.microchip.com/downloads/en/devicedoc/20001685e.pdf,,,,
